model,roc_auc,accuracy,precision,recall,f1_score
xgb_ne,0.7941729323308271,0.7021276595744681,0.6086956521739131,0.7368421052631579,0.6666666666666666
cb_ne,0.7518796992481204,0.7021276595744681,0.6470588235294118,0.5789473684210527,0.6111111111111112
lgbm_ne,0.7922932330827068,0.7659574468085106,0.6666666666666666,0.8421052631578947,0.7441860465116279
gb_ne,0.7612781954887218,0.6595744680851063,0.6,0.47368421052631576,0.5294117647058824
rf_ne,0.818609022556391,0.7021276595744681,0.6923076923076923,0.47368421052631576,0.5625
nb_ne,0.763157894736842,0.723404255319149,0.6666666666666666,0.631578947368421,0.6486486486486487
svm_ne,0.7744360902255639,0.723404255319149,0.6666666666666666,0.631578947368421,0.6486486486486487
knn_ne,0.7556390977443608,0.7021276595744681,0.6470588235294118,0.5789473684210527,0.6111111111111112
lr_ne,0.7866541353383458,0.6808510638297872,0.5666666666666667,0.8947368421052632,0.6938775510204082
