model,roc_auc,accuracy,precision,recall,f1_score
xgb_non_calibrated,0.794172932330827,0.7021276595744681,0.6190476190476191,0.6842105263157895,0.65
cb_non_calibrated,0.7857142857142857,0.7021276595744681,0.631578947368421,0.631578947368421,0.631578947368421
lgbm_non_calibrated,0.7894736842105263,0.7021276595744681,0.631578947368421,0.631578947368421,0.631578947368421
gb_non_calibrated,0.7857142857142857,0.6808510638297872,0.6,0.631578947368421,0.6153846153846154
rf_non_calibrated,0.8101503759398496,0.723404255319149,0.6363636363636364,0.7368421052631579,0.6829268292682927
nb_non_calibrated,0.7913533834586466,0.7446808510638298,0.6296296296296297,0.8947368421052632,0.7391304347826086
svm_non_calibrated,0.7293233082706766,0.6595744680851063,0.5714285714285714,0.631578947368421,0.6
knn_non_calibrated,0.763157894736842,0.6808510638297872,0.625,0.5263157894736842,0.5714285714285714
lr_non_calibrated,0.7631578947368421,0.6808510638297872,0.6,0.631578947368421,0.6153846153846154
