model,roc_auc,accuracy,precision,recall,f1_score
xgb_non_calibrated,0.7857142857142857,0.6808510638297872,0.5833333333333334,0.7368421052631579,0.6511627906976745
cb_non_calibrated,0.7951127819548872,0.723404255319149,0.7142857142857143,0.5263157894736842,0.6060606060606061
lgbm_non_calibrated,0.7951127819548872,0.6595744680851063,0.56,0.7368421052631579,0.6363636363636364
gb_non_calibrated,0.8026315789473685,0.6808510638297872,0.625,0.5263157894736842,0.5714285714285714
rf_non_calibrated,0.8120300751879699,0.7021276595744681,0.6923076923076923,0.47368421052631576,0.5625
nb_non_calibrated,0.8007518796992481,0.7446808510638298,0.6521739130434783,0.7894736842105263,0.7142857142857143
svm_non_calibrated,0.7368421052631579,0.7021276595744681,0.6190476190476191,0.6842105263157895,0.65
knn_non_calibrated,0.7669172932330828,0.7021276595744681,0.631578947368421,0.631578947368421,0.631578947368421
lr_non_calibrated,0.7537593984962405,0.723404255319149,0.7142857142857143,0.5263157894736842,0.6060606060606061
