model,roc_auc,accuracy,precision,recall,f1_score
xgb,0.7998120300751881,0.7446808510638298,0.6666666666666666,0.7368421052631579,0.7
cb,0.7866541353383459,0.723404255319149,0.6363636363636364,0.7368421052631579,0.6829268292682927
lgbm,0.8054511278195489,0.723404255319149,0.6666666666666666,0.631578947368421,0.6486486486486487
gb,0.7894736842105263,0.723404255319149,0.625,0.7894736842105263,0.6976744186046512
rf,0.8082706766917294,0.7446808510638298,0.6666666666666666,0.7368421052631579,0.7
nb,0.7932330827067668,0.723404255319149,0.6071428571428571,0.8947368421052632,0.723404255319149
svm,0.7142857142857143,0.6382978723404256,0.5384615384615384,0.7368421052631579,0.6222222222222222
knn,0.7716165413533835,0.7446808510638298,0.6521739130434783,0.7894736842105263,0.7142857142857143
lr,0.7612781954887219,0.6808510638297872,0.6,0.631578947368421,0.6153846153846154
